# lane	promote	last_green_commit	date	tally
libcxx	no	96b3358a3d8a	2026-10-03	retired from the release tier 2026-10-03 (owner): the libc++ lane is darwin-suite on the macOS -O2 packed binary; last linux run: jit 1903/0/0TO/23skip; exe 1735/0; obj 1735/0 (-stdlib=libc++, 14 tests carry .libcxx_skip: B157-B161 + libstdc++-internal; at 028e31c36 content) [+ 96b3358a3: textual rename chthonic->chthonia, owner 2026-10-03, not re-run]
genuine-win	release	dfb487284c80	2026-10-06	1947/0/0TO/85skip — the FULL suite on the owner Windows 11 box (scripts/win_suite.sh from the container, the packed bin/release-windows/madc.exe at 9a9e23294 content, MADC_SKIP_EXT="win64 win"); win_suite rc=0
brew-linux	release	dfb487284c80	2026-10-06	2023/0/0TO/9skip - scripts/brew_lane.sh on the container at 9a9e23294 content (VERSION still 0.101.0): brew install --build-bottle + brew bottle + the keg POURED back + brew test green; runpath resolves libmadc.so.0 from the keg and from HOMEBREW_PREFIX/lib; suite on the linked madc
tests-jit	batch	6becfb08548d	2026-10-07	2031 passed, 0 failed, 0 timed out, 9 skipped (tests/ JIT, batch_lane at 6becfb085 content)
c-testsuite	commit	fdcb62e24c32	2026-10-07	c-testsuite: 220 passed, 0 failed (0 outside baseline, 0 baseline tests now passing)
c-torture	commit	fdcb62e24c32	2026-10-07	c-torture: 1617 passed, 2 compile-failed, 5 runtime-failed, 0 timed out, 61 skipped (--std=c17) c-torture: 7 failing, 0 outside baseline, 0 baseline tests now passing
c2mir-tests	commit	fdcb62e24c32	2026-10-07	c2mir-tests: 359 passed, 0 failed, 4 skipped (0 outside baseline, 0 baseline tests now passing)
gui	commit	fdcb62e24c32	2026-10-07	gui: 30 passed, 0 failed, 0 timed out, 0 skipped | EXE: 30 passed, 0 failed (of 30 JIT-passing tests) | OBJ: 30 passed, 0 failed (of 30 JIT-passing tests)
gxx-c++11	no	fdcb62e24c32	2026-10-07	gxx-c++11: 1505 passed, 441 compile-failed, 0 runtime-failed, 0 timed out, 2722 skipped gxx-c++11: 441 failing, 0 outside baseline, 0 baseline tests now passing
index-c	yes	fdcb62e24c32	2026-10-07	index-c: 50/50 tasks OK, 0 failed (rc=0) [-O2] — Summary: 86.1949s, 50, 50, 0
commonmark	commit	fdcb62e24c32	2026-10-07	commonmark: 664 passed, 6 failed (of 670 examples) (0 outside baseline, 0 baseline examples now passing)
darwin-suite	release	fdcb62e24c32	2026-10-07	darwin-suite (native, libc++, fdcb62e24 content): arm64 Mac Mini macOS 14.8.4 2000 passed / 0 failed / 0 timed out / 41 skipped, mac battery 12/0; Intel MacBook macOS 15.7.4 2002 passed / 0 failed / 0 timed out / 39 skipped; x86_64 tarball packaged natively + Chthonia tests 2/0 + check_install PASS on it (darwin EXE pass advisory, D5)
linux-battery	yes	fdcb62e24c32	2026-10-07	seam_battery.sh: gates rc=0 (unit binaries + static gates 0 red of 97); headerless 1998/0/0TO/43skip + ondisk 34/0 on packed -O2 madc-release; exeobj JIT 2032/0/0TO/9skip, EXE 1851/0, OBJ 1851/0
headerless-win	yes	fdcb62e24c32	2026-10-07	1954/0/0TO/87skip + ondisk-win 1/0 (33 win64-skipped) — packed PE under wine, seam_battery.sh
wine64	yes	fdcb62e24c32	2026-10-07	the packed PE under wine: headerless-win 1954/0/0TO/87skip + ondisk-win 1/0 — seam_battery.sh
macos	yes	fdcb62e24c32	2026-10-07	BUILD lane: hosted builds + release-macos rc=0 on both arches (forest_pack_gate OK [darwin]) — seam_battery.sh
aarch64-ld	yes	fdcb62e24c32	2026-10-07	aarch64_ldouble_lane GREEN — seam_battery.sh
